Name,Address,Rating,Reviews,Type,District
CapitalTek,"301 Moodie Dr Unit 109, Ottawa, ON K2H 9C4, Kanada",5.0,75,"IT-Berater, Computersupport und -dienste, Computerreparaturdienst, Computersicherheitsdienst, Computerservice",Nepean
Clever Dog IT Systems,"2435 Holly Ln #100, Ottawa, ON K1V 7P2, Kanada",5.0,31,"IT-Berater, Business-Development-Beratung, Business-to-Business-Dienst, Computersupport und -dienste, Computernetzwerk-Service, Computersicherheitsdienst",Ledbury - Heron Gate - Ridgemont - Ellwood
Demand ITS Inc.,"235 Menten Pl #106, Ottawa, ON K2H 9C1, Kanada",5.0,10,"IT-Berater, Computersupport und -dienste, Computersicherheitsdienst, Medizinischer Transkriptionsdienst, Telekommunikationsausr√ºster",Nepean
DM I.T. Consulting Inc.,"2200 Prince of Wales Dr, Nepean, ON K2E 6Z9, Kanada",5.0,7,"Computerservice, Computernetzwerk-Service, Computersupport und -dienste",Nepean
MAM Data IT Consulting Inc.,"85 Hermes Ave, Ottawa, ON K4M 0K4, Kanada",5.0,1,Informationsservice,Gloucester
IT Gorilla,None,5.0,6,"IT-Berater, Computerreparaturdienst, Computersupport und -dienste, Service establishment",None
IT Tech,"934 Clarkia St, Ottawa, ON K1T 0Y1, Kanada",5.0,2,Softwareentwickler/-hersteller,Gloucester
The Halifax Group,"190 O'Connor St, Ottawa, ON K2P 2R3, Kanada",5.0,3,IT-Berater,Centretown
IC 360 Solutions,"150 Elgin St 10th Floor, Ottawa, ON K2P 2P8, Kanada",5.0,7,Computersupport und -dienste,Byward Market - Parliament Hill
Tracc It Solutions,"530 Laurier Ave W, Ottawa, ON K1R 5Y9, Kanada",5.0,1,"IT-Berater, Computersupport und -dienste, Computernetzwerk-Service, Computersicherheitsdienst, Computerservice",Byward Market - Parliament Hill
SupportMyMac,"2450 Lancaster Rd Unit 11, Ottawa, ON K1B 5N3, Kanada",5.0,19,"IT-Berater, Computersupport und -dienste, Computernetzwerk-Service, Computersicherheitsdienst",Hawthorne Meadows - Sheffield Glen
I4C Consulting Inc,"1283 Teron Rd #201, Kanata, ON K2K 0J7, Kanada",5.0,2,"IT-Berater, Business-to-Business-Dienst",Kanata
